{"teta_0": 8499.599649933216, "teta_1": -0.021448963591702303, "mean_x": 101066.25, "std_x": 52674.24560550151}